id,type,actor_id,repo_id
11185376329,PushEvent,8422699,224252202
11185376333,CreateEvent,53201765,231161852
11185376335,PushEvent,2631623,155254893
11185376336,PushEvent,52553915,231065965
11185376338,PushEvent,31390726,225080339
11185376339,PushEvent,5954907,160083795
11185376341,WatchEvent,10052381,221552739
11185376342,PushEvent,30060991,230923653
11185376343,PushEvent,8517910,107471694
11185376344,PushEvent,19255925,223831715
11185376350,CreateEvent,2254036,231161853
11185376352,PushEvent,2134633,231031280
11185376356,PushEvent,48773997,227178623
11185376357,PushEvent,24802628,100496729
11185376360,PushEvent,44826218,231160326
11185376363,PushEvent,13025337,194280481
11185376364,CreateEvent,1008205,230448690
11185376369,PushEvent,8517910,42018768
11185376371,PushEvent,34975776,197711881
11185376374,PullRequestEvent,5271692,138499772
11185376375,IssuesEvent,44267780,153640774
11185376376,DeleteEvent,52545156,211517583
11185376377,PullRequestEvent,625469,165536154
11185376380,PushEvent,46163555,140614233
11185376381,PushEvent,37038626,159298221
11185376383,CreateEvent,59149927,231161840
11185376387,CreateEvent,1686007,231161855
11185376388,PushEvent,2895902,45993266
11185376392,PushEvent,43908490,228343155
11185376393,PushEvent,29139614,230275330
11185376399,WatchEvent,6442743,153830667
11185376402,PushEvent,29139614,83585690
11185376406,CreateEvent,13025337,194280481
11185376409,PushEvent,26935674,228284912
11185376410,DeleteEvent,2733465,11581991
11185376411,PushEvent,44826218,231160326
11185376421,PushEvent,8517910,42018768
11185376423,PushEvent,5699167,53678002
11185376425,PushEvent,32727560,230797706
11185376428,CreateEvent,30938,231161498
11185376430,IssuesEvent,27738369,207424413
11185376432,PushEvent,2539292,6495132
11185376434,PushEvent,2797449,108752559
11185376436,PushEvent,54496419,204268723
11185376439,PushEvent,3224548,231161702
11185376442,PushEvent,38356640,129512184
11185376443,WatchEvent,9023479,31792824
11185376445,PushEvent,32480,231161718
11185376446,PushEvent,5816685,20598648
11185376447,PushEvent,1008205,230448690
11185376452,PushEvent,8676741,170661918
11185376453,IssueCommentEvent,53356952,165536154
11185376455,PushEvent,17928155,62069489
11185376456,CreateEvent,17261190,190052895
11185376457,PushEvent,40586421,138676186
11185376458,PushEvent,48690212,212703717
11185376469,CreateEvent,51274871,231161859
11185376473,IssueCommentEvent,12852815,108332615
11185376474,PushEvent,42107416,231160806
11185376480,PushEvent,8517910,67651864
11185376487,PushEvent,4282702,173629625
11185376488,PushEvent,45283053,198916487
11185376485,PushEvent,45327612,159010660
11185376491,PushEvent,30926704,231158291
11185376492,PushEvent,5253690,153466799
11185376494,PushEvent,17928155,62069489
11185376498,PushEvent,2486411,135042737
11185376505,PushEvent,541490,224001345
11185376508,PushEvent,54496419,204268723
11185376511,ForkEvent,3623783,230809890
11185376512,PushEvent,6701060,84128241
11185376514,IssueCommentEvent,54035,44727837
11185376516,PushEvent,48352006,229235126
11185376519,PushEvent,29507018,136921024
11185376528,PushEvent,40587912,138681984
11185376531,WatchEvent,16427717,218329977
11185376532,PushEvent,33851433,231161241
11185376541,PushEvent,57493659,230981947
11185376543,PushEvent,6334546,165695619
11185376544,PushEvent,47172206,25197513
11185376545,PushEvent,8676741,170661918
11185376549,WatchEvent,779965,11180687
11185376553,CreateEvent,59208554,230770483
11185376556,PushEvent,8517910,42018768
11185376555,PushEvent,1081405,163609976
11185376558,PushEvent,27734421,211916795
11185376563,PushEvent,46039644,230793904
11185376566,PushEvent,28123598,214315066
11185376567,PushEvent,34278352,105299467
11185376568,PushEvent,9958703,23534870
11185376575,PushEvent,37038626,159298221
11185376576,CreateEvent,14939210,231161862
11185376578,PullRequestEvent,4578571,217587403
11185376580,PushEvent,2797449,108752559
11185376584,PushEvent,1269099,47878082
11185376586,PushEvent,40586421,138676186
